Charter;Name;Owner;Population;Unemployment;GDP;GDP per capita;CW size;rrr;Type;Civilization;Race;Capitol;Founding Date;Last active;Atmosphere stage;Mother colony;Mother colony relations;Mother Colony Charter;Founded;Xcoord;Ycoord;Sector;Platform
qdNNaAv2;[NOZ] Invincible;Invincible;3359539;0;795144640092;236683;6;53;Earthlike;United Earth;Human;1;2018-07-31;2018-11-27 23:39:41;4;Gliese;100;jQiAiYU0;July 31, 2018;-398;-938;0/0;steam.windows
8Lr47641;Donnager;evansricky;2602175;4;1249950670564;480348;1;30;Lunar;United Earth;Human;1;2018-05-12;2018-11-27 21:33:55;4;United Earth;100;earth;May 12, 2018;165;-624;0/0;desktop.mac
966aw46K;Ares XXX;DarkPhoenix;1181673;10;111870679998;94671;0;4;Red Planet;United Earth;Human;1;2018-05-01;2018-11-27 16:19:04;4;United Earth;100;earth;May 1, 2018;-988;-103;0/0;desktop.windows
j5sixyMA;Plastitopia;Grimm;1154170;2;157719656863;136652;0;0;Forest World;United Earth;Human;1;2018-06-30;2018-11-25 04:41:38;4;Alumipalooza;100;m1KNauAL;June 30, 2018;-986;898;0/0;desktop.windows
N0qRMFA9;OUTSAS;OUTSAS;1130929;26;96063065223;84942;0;3;Earthlike;United Earth;Human;1;2018-10-30;2018-11-27 23:10:35;4;United Earth;100;earth;October 30, 2018;117;5;0/0;web.facebook
5aoUeEfV;BOB-ROSS;davidhuntsberger42;901643;1;599155589848;664515;1;39;Red Planet;United Earth;Human;1;2017-11-29;2018-11-27 23:40:50;4;United Earth;100;earth;November 29, 2017;282;123;0/0;web.apewebapps
vLqSi1Ss;Pavlxiivia;Pavlxiiv;854431;0;165324444187;193491;2;8;Red Planet;United Earth;Human;1;2018-09-09;2018-11-27 20:27:08;4;Noah;100;SBcqDQIw;September 9, 2018;-452;740;0/0;steam.windows
536x0j1i;[NOZ] Pixeler;hi123456789;853452;0;49999809653;58585;2;7;Earthlike;United Earth;Human;1;2018-11-11;2018-11-27 08:26:11;4;[NOZ] DGUE;100;kVxf8w1a;November 11, 2018;-960;694;0/0;steam.windows
BunFSklb;Bifrost;wodanaz;667100;0;75062482488;112521;1;5;Lunar;United Earth;Human;1;2018-06-21;2018-11-27 15:58:34;4;Yggdrasil;100;5hbMU92y;June 21, 2018;916;-945;0/0;desktop.windows
UdMTFO09;Odd Ones;Grimm;472636;2;18375562619190;38878889;0;1;Lunar;United Earth;Human;1;2018-09-04;2018-11-25 11:23:15;4;Plastitopia;100;j5sixyMA;September 4, 2018;-782;850;0/0;desktop.windows
qHsJm5pl;Atlantis;Jonnywales99;431813;12;5362919445073;12419541;0;0;Earthlike;United Earth;Human;0;2018-09-22;2018-11-27 18:20:08;4;Babylon 9;100;6f2v5ZbR;September 22, 2018;-25;-5;0/0;android.gplay
O3AKg5bj;Zippy World;vickersjr;352645;0;84798621885;240465;0;9;Red Planet;United Earth;Human;1;2018-10-06;2018-11-26 15:05:31;4;United Earth;100;earth;October 6, 2018;641;128;0/0;desktop.windows
CSVi7f9z;[NOZ] XxKubxX;XxKubxX;327007;2;10996782139;33629;1;15;Lunar;United Earth;Human;1;2018-10-10;2018-11-27 19:18:36;4;[NOZ] DGUE;100;kVxf8w1a;October 10, 2018;807;-776;0/0;web.apewebapps
wS0CRvfS;Akanda;Emilio77;313526;4;9020221013;28770;0;5;Red Planet;United Earth;Human;1;2018-10-15;2018-11-27 23:03:34;4;New Moony Farm;100;Flha2ooY;October 15, 2018;-902;-355;0/0;android.apemarket
NL2WzDRf;Hernandez;SHJ;264789;0;2549405201;9628;0;3;Lunar;United Earth;Human;1;2018-08-17;2018-11-24 01:33:26;4;United Earth;100;earth;August 17, 2018;958;-530;0/0;android.gplay
w0XN0g2C;Prima;dlhitzeman;257357;0;11938123973;46387;2;14;Earthlike;United Earth;Human;1;2018-10-25;2018-11-27 23:53:00;4;Talos 34;100;kd4ULMf2;October 25, 2018;-784;-568;0/0;desktop.windows
xPncpXOW;Arcangel;Chidori;153537;71;1245854492;8114;0;1;Forest World;United Earth;Human;1;2018-10-13;2018-11-27 23:20:21;4;United Earth;100;earth;October 13, 2018;-486;929;0/0;android.gplay
JlMKV06m;Cyndi;Cyndi;150430;0;2425275311;16122;1;4;Earthlike;United Earth;Human;1;2018-09-23;2018-11-27 16:42:51;4;United Earth;100;earth;September 23, 2018;498;865;0/0;web.apewebapps
M3FNnp0D;Etten-Leur;slowwater;147336;4;34888252191;236794;0;11;Lunar;United Earth;Human;1;2018-08-27;2018-11-27 11:59:02;4;Cats Eye;100;CBkgGfj7;August 27, 2018;-733;341;0/0;web.apewebapps
uFrOvEeA;Hier koennte ihre Werbung stehen;SirDopps;142794;9;1100914846;7710;0;0;Red Planet;United Earth;Human;1;2018-11-20;2018-11-27 16:52:33;4;Pavlxiivia;100;vLqSi1Ss;November 20, 2018;-220;512;0/0;desktop.windows
DGtRwOmI;Deap;deap;125975;24;357629684145;2838894;2;22;Red Planet;United Earth;Human;1;2017-06-15;2018-11-27 23:52:46;4;United Earth;100;earth;June 15, 2017;-686;-714;0/0;desktop.windows
8ggIe2Uy;[NOZ] Emerald City;NeotheOne;122278;0;41078271571;335942;0;21;Red Planet;United Earth;Human;1;2018-08-24;2018-11-27 17:51:37;4;[NOZ] DGUE;100;kVxf8w1a;August 24, 2018;-907;869;0/0;windows.windowsstore
bdyLWrjp;TeRaNoWa;JoozoLTU;115211;7;910283108;7901;0;5;Earthlike;United Earth;Human;1;2018-11-02;2018-11-27 15:16:40;3;Fenixalpha;100;7H3tnnTR;November 2, 2018;-437;-127;0/0;desktop.windows
PH4Qd2jo;Moon 1.0;brettsmith62;109587;58;303948265;2774;0;4;Lunar;United Earth;Human;1;2018-05-31;2018-11-27 10:43:02;4;Earth 2.2;100;uS9cJgti;May 31, 2018;90;715;0/0;android.gplay
r3RR8tOp;Proxima;JoozoLTU;103081;13;445726360;4324;0;0;Earthlike;United Earth;Human;1;2018-11-21;2018-11-27 23:43:09;3;TeRaNoWa;100;bdyLWrjp;November 21, 2018;-478;-166;0/0;desktop.windows
KtVgnxVB;Tryin;tangeld;97812;15;676922590;6921;3;3;Forest World;United Earth;Human;1;2018-08-27;2018-11-27 17:00:32;4;United Earth;100;earth;August 27, 2018;-437;-39;0/0;desktop.windows
Qjw33QjZ;Freyja;wodanaz;89828;10;674335674;7507;0;0;Earthlike;United Earth;Human;0;2018-08-25;2018-11-27 20:40:00;4;Yggdrasil;100;5hbMU92y;August 25, 2018;667;-599;0/0;desktop.windows
Z0AKoZJ8;AlianLIGMA;AlianTechnology;89331;7;1929896717;21604;0;2;Red Planet;United Earth;Human;1;2018-06-16;2018-11-27 17:50:40;4;United Earth;100;earth;June 16, 2018;-193;482;0/0;android.gplay
htXdVx7z;YeetMister;HyperManoNano;81030;0;518216688;6395;0;12;Earthlike;United Earth;Human;1;2018-05-18;2018-11-27 23:01:27;4;United Earth;100;earth;May 18, 2018;-507;-234;0/0;web.apewebapps
YeDzWbO5;Kira;cbaker77;74984;0;347495940;4634;0;0;Lunar;United Earth;Human;1;2018-10-16;2018-11-27 04:12:50;4;United Earth;100;earth;October 16, 2018;-19;912;0/0;windows.windowsstore
vtZShZSd;X-Elor;Freegide;67883;1;675660454;9953;0;0;Earthlike;United Earth;Human;0;2018-10-29;2018-11-24 18:00:29;4;United Earth;100;earth;October 29, 2018;700;-218;0/0;android.gplay
lxLqnMfh;MornTW;morn704;58004;8;22172906647;382265;1;37;Forest World;United Earth;Human;1;2018-09-14;2018-11-27 23:54:01;4;[NOZ] The Independent State Of Calithrain;100;sTyGmlDl;September 14, 2018;-996;917;0/0;desktop.windows
K39a7Xz3;Xandar;roycematthew;53493;0;4493137839;83995;0;7;Red Planet;United Earth;Human;1;2018-10-30;2018-11-26 07:44:18;4;My Colony;100;LIjTqXSL;October 30, 2018;537;286;0/0;web.apewebapps
l4yKLrNr;Adam 2;Okay0530;52424;0;3052301606;58223;3;9;Earthlike;United Earth;Human;1;2017-12-30;2018-11-27 14:48:39;4;Ugly People;100;vu4wHNy0;December 30, 2017;377;797;0/0;android.gplay
E821xUuK;beeeees?;SNAPDRAGON456;48850;23;235593419;4823;1;1;Red Planet;United Earth;Human;1;2018-11-08;2018-11-27 09:14:47;4;United Earth;100;earth;November 8, 2018;-382;249;0/0;steam.windows
5rzXZvXX;Yahudah;imhotep19;48321;54;83892486;1736;0;0;Red Planet;United Earth;Human;0;2018-04-23;2018-11-27 20:24:19;4;XergoLand;100;GnXE0oKA;April 23, 2018;-220;969;0/0;desktop.windows
DesiIfaY;Mars 1.0;brettsmith62;46742;26;196252648;4199;0;0;Red Planet;United Earth;Human;0;2018-11-13;2018-11-27 10:42:35;4;Moon 1.0;100;PH4Qd2jo;November 13, 2018;86;690;0/0;android.gplay
fk8D77lY;United Cities of Kanada;richeatue;45631;11;68385879;1499;0;1;Red Planet;United Earth;Human;1;2018-11-22;2018-11-26 10:02:48;4;The United Peoples of Van-Senaros;100;jfnq2yIK;November 22, 2018;-217;-694;0/0;desktop.windows
fuzaVd6z;Crate of Lunacy;Keepbees;40572;0;16422298;405;0;1;Lunar;United Earth;Human;1;2018-10-22;2018-11-26 21:18:26;4;United Earth;100;earth;October 22, 2018;703;581;0/0;ios.appstore
pDejPSbX;Orchland;sangjo86;39521;0;407322216;10306;0;0;Lunar;United Earth;Human;0;2018-11-02;2018-11-27 23:58:46;3;Tara;100;sLDP9IPP;November 2, 2018;280;-762;0/0;android.gplay
OUn59o5S;Krymeena;tinypixie;37914;46;55757305;1471;0;0;Earthlike;United Earth;Human;0;2018-11-02;2018-11-26 18:25:31;4;ThisWorld;100;Cjy3uM5h;November 2, 2018;778;-809;0/0;windows.windowsstore
kDephedL;Forestayah;imhotep19;33497;53;79057429;2360;0;0;Forest World;United Earth;Human;0;2018-07-08;2018-11-27 17:03:26;4;XergoLand;100;GnXE0oKA;July 8, 2018;-342;-494;0/0;desktop.windows
IuRqWpqV;Hernandez3;SHJ;31647;0;259280074;8193;0;0;Red Planet;United Earth;Human;0;2018-11-08;2018-11-27 19:16:16;4;Hernandez;100;NL2WzDRf;November 8, 2018;958;-527;0/0;android.gplay
2pyDvRel;Dennison;Adampricedrake;28608;12;78194297;2733;0;1;Red Planet;United Earth;Human;1;2018-11-24;2018-11-27 23:17:08;4;Fenixalpha;100;7H3tnnTR;November 24, 2018;231;383;0/0;ios.appstore
u0UoyI3S;Alphastoo;ravnis;26239;27;346910365;13221;0;10;Lunar;United Earth;Human;1;2018-10-09;2018-11-27 12:01:42;4;Ravenscroft;100;dMVHGPU2;October 9, 2018;-619;-30;0/0;android.gplay
ImKKV7BR;Memetic Sector;Andrung;25948;4;237220421274;9142147;1;3;Earthlike;United Earth;Human;1;2018-11-07;2018-11-27 21:24:05;3;Sloppy Colony;100;mOpSzcjh;November 7, 2018;8;804;0/0;android.gplay
5OlVXpjr;Trasburguers;brawnlis1;25666;8;186159264;7253;0;1;Earthlike;United Earth;Human;1;2018-09-22;2018-11-27 19:46:28;3;United Earth;100;earth;September 22, 2018;-764;-443;0/0;windows.windowsstore
XcYd0UCL;sojuz2;Sojuz69;24817;64;42124572;1697;0;0;Earthlike;United Earth;Human;1;2018-09-05;2018-11-27 20:21:49;4;Lulu;100;LwMVfUO1;September 5, 2018;817;368;0/0;windows.windowsstore
bx3vSlWR;Danzbourg;danzko;24718;1;108171007;4376;0;0;Earthlike;United Earth;Human;1;2018-11-20;2018-11-27 23:54:32;3;Earth oOo;100;qtvLCMXb;November 20, 2018;-344;126;0/0;windows.windowsstore
p7UnlXy4;Cygnus;xars;24085;11;1407515373;58440;0;0;Red Planet;United Earth;Human;0;2018-10-24;2018-11-27 14:44:37;4;[NOZ] Invincible;100;qdNNaAv2;October 24, 2018;-212;-911;0/0;web.apewebapps
n7bzobsQ;Oberonias Munar Colony;Oberonia;23537;17;121637318;5168;0;0;Lunar;United Earth;Human;0;2018-11-06;2018-11-25 10:33:47;4;Cyberkayu;100;T0gtaz50;November 6, 2018;-992;-665;0/0;steam.windows
CjrXD4Cs;Citadel;talktips;23174;15;190714381;8230;0;0;Lunar;United Earth;Human;1;2017-10-28;2018-11-27 01:37:10;3;United Earth;100;earth;October 28, 2017;751;-895;0/0;desktop.windows
tcvfTqjf;Staten Island;imhotep19;18788;49;16721234;890;0;0;Earthlike;United Earth;Human;0;2018-10-24;2018-11-27 18:39:19;4;Bronx;100;lHyKRC4F;October 24, 2018;9;-479;0/0;desktop.windows
5wi2tjkX;Red planet;FAC68;18194;1;127209965;6992;0;1;Red Planet;United Earth;Human;1;2018-04-06;2018-11-25 23:16:07;3;United Earth;100;earth;April 6, 2018;499;125;0/0;web.apewebapps
jAm7n3Tf;Bax;morn704;15182;0;661876169;43596;0;0;Earthlike;United Earth;Human;0;2018-11-22;2018-11-27 23:52:29;4;MornTW;100;lxLqnMfh;November 22, 2018;-982;915;0/0;desktop.windows
YlPH7cad;Lunaria;imhotep19;13161;18;22602998;1717;0;0;Lunar;United Earth;Human;0;2018-06-29;2018-11-27 17:11:26;4;XergoLand;100;GnXE0oKA;June 29, 2018;-714;-482;0/0;desktop.windows
22e2FkJ7;Cylon Province;Jonnywales99;12679;0;40529978;3197;0;0;Earthlike;United Earth;Human;0;2018-10-04;2018-11-27 22:38:22;3;Babylon 9;86;6f2v5ZbR;October 4, 2018;-46;-5;0/0;android.gplay
uhecA1a4;Yee haww;XIII;12540;0;25033532;1996;0;0;Red Planet;United Earth;Human;0;2018-11-18;2018-11-25 03:24:19;3;Woodstock;100;WaW96Ifr;November 18, 2018;247;918;0/0;android.gplay
tmgAClMm;Satox;Ziri;11005;1;27613213;2509;1;5;Red Planet;United Earth;Human;1;2018-10-07;2018-11-27 19:56:13;4;Pavlxiivia;100;vLqSi1Ss;October 7, 2018;-425;763;0/0;ios.appstore
dUaPbH7K;Barr;MrTomo;10242;0;10203187;996;0;0;Earthlike;United Earth;Human;0;2018-11-21;2018-11-27 13:05:55;3;Fenixalpha;100;7H3tnnTR;November 21, 2018;-652;666;0/0;android.gplay
THP8Vt40;New Gallio;CarloMagno2001;10021;0;40286995;4020;0;4;Red Planet;United Earth;Human;1;2017-11-04;2018-11-25 16:33:59;4;United Earth;100;earth;November 4, 2017;-377;-296;0/0;android.gplay
xNfqqMb1;My Colony;Bramman123;9434;0;17942963;1902;0;0;Earthlike;United Earth;Human;0;2018-09-28;2018-11-27 01:23:07;3;ThisWorld;98;Cjy3uM5h;September 28, 2018;-989;224;0/0;windows.windowsstore
Igq6nc6V;Kacprzakia;Ikacprzak042;9368;14;22286683;2379;0;4;Lunar;United Earth;Human;1;2018-05-22;2018-11-26 06:01:02;4;United Earth;100;earth;May 22, 2018;459;629;0/0;web.apewebapps
yqeKsma3;Black Oyster Cult;imhotep19;9365;16;28421075;3035;0;0;Lunar;United Earth;Human;0;2018-11-23;2018-11-27 21:27:26;4;The Black Pearl;100;9z4o61x0;November 23, 2018;-760;-409;0/0;desktop.windows
mOpSzcjh;Sloppy Colony;SloppyPapi;9297;0;37691648;4054;1;2;Earthlike;United Earth;Human;1;2018-10-05;2018-11-27 23:53:49;3;oops;8;Ie1xLuJN;October 5, 2018;7;814;0/0;android.gplay
ad3ofnEG;Apple;appleape;9264;4;200365003;21628;0;1;Lunar;United Earth;Human;1;2018-11-13;2018-11-27 20:57:10;4;United Earth;100;earth;November 13, 2018;-674;-364;0/0;web.apewebapps
bFPSPRok;Trumpopia;SlingshotDriver69;9162;8;39196291;4278;0;0;Earthlike;United Earth;Human;1;2018-11-20;2018-11-27 23:56:42;3;Holy Terra;100;abXoRvIF;November 20, 2018;778;-709;0/0;windows.windowsstore
U3GvkdIP;New Moon;imhotep19;8195;0;35457731;4327;0;0;Lunar;United Earth;Human;0;2018-11-15;2018-11-27 17:47:37;4;Domination;100;jGTKNfWT;November 15, 2018;-985;903;0/0;desktop.windows
1XzBOCdI;Tiny Town;Phantom;7776;7;126500804;16268;0;0;Red Planet;United Earth;Human;0;2018-11-20;2018-11-24 23:39:43;4;[NOZ] Pixeler;88;536x0j1i;November 20, 2018;-969;685;0/0;web.apewebapps
F72uWa8F;Marte-1;morgonella;7624;0;80583238;10570;0;4;Red Planet;United Earth;Human;1;2018-11-16;2018-11-23 13:54:26;2;IMPERIO LARIO;100;ZQ6pyru3;November 16, 2018;970;586;0/0;desktop.linux
3wUcpgW3;Coyote;Rampart;6810;0;6949944;1021;0;0;Red Planet;United Earth;Human;0;2018-11-23;2018-11-27 22:30:04;3;The United Peoples of Van-Senaros;100;jfnq2yIK;November 23, 2018;21;-42;0/0;android.gplay
bMxwI4TG;Fluxrville;blackdragon025;6664;11;11512921;1728;0;0;Earthlike;United Earth;Human;1;2018-09-01;2018-11-27 13:40:29;3;Seahorse;100;9zS10DnV;September 1, 2018;977;484;0/0;windows.windowsstore
KtZEZbcA;Aggressive Quarry;AggressiveRock;6630;0;31724531;4785;0;2;Red Planet;United Earth;Human;1;2018-11-20;2018-11-23 19:58:19;3;United Earth;100;earth;November 20, 2018;-532;-524;0/0;steam.windows
Q80X8esj;AFK;Brunden10;6566;11;23431184;3569;0;0;Red Planet;United Earth;Human;0;2018-10-30;2018-11-27 21:45:59;3;[NOZ] DGUE;100;kVxf8w1a;October 30, 2018;-981;900;0/0;ios.appstore
EuNB7ZWh;New Karaj;Keykavoos;6287;0;10377614;1651;0;0;Lunar;United Earth;Human;0;2018-11-13;2018-11-24 11:29:39;1;Zanjan;100;6jWY47MI;November 13, 2018;-180;-214;0/0;desktop.windows
qeIbWxqI;Apollo;Thugnifacent;5921;8;44610974;7534;0;0;Earthlike;United Earth;Human;1;2018-10-26;2018-11-27 23:07:27;3;United Earth;100;earth;October 26, 2018;722;118;0/0;ios.appstore
dy5ACM3g;Luna-1;morgonella;5889;1;26084062;4429;0;0;Lunar;United Earth;Human;0;2018-11-20;2018-11-23 13:19:06;2;Marte-1;100;F72uWa8F;November 20, 2018;966;591;0/0;desktop.linux
3Mnv83DN;Rikudou Empire;RikudouSennin;5565;0;33432044;6008;0;0;Earthlike;United Earth;Human;0;2018-11-18;2018-11-24 22:18:43;3;[NOZ] DGUE;100;kVxf8w1a;November 18, 2018;-767;-564;0/0;steam.windows
dOww7li1;Jumpopolis;prodigalHessian;5519;3;18785158;3404;0;0;Lunar;United Earth;Human;0;2018-11-02;2018-11-25 22:07:46;2;United Earth;100;earth;November 2, 2018;-113;-180;0/0;windows.windowsstore
6h1x7MzF;Planet ZUBIN;zubinis;5501;0;7840046;1425;0;0;Red Planet;United Earth;Human;0;2018-11-21;2018-11-27 05:58:52;2;Fenixalpha;100;7H3tnnTR;November 21, 2018;480;-400;0/0;windows.windowsstore
4ZePLemN;Mars 2.0;brettsmith62;4857;0;7886249;1624;0;0;Red Planet;United Earth;Human;0;2018-11-24;2018-11-27 23:38:26;2;Moon 1.0;100;PH4Qd2jo;November 24, 2018;127;709;0/0;android.gplay
8hoXRiK7;3;Gjjanss;4652;15;15697254;3374;0;0;Earthlike;United Earth;Human;0;2018-11-22;2018-11-27 14:05:52;3;Adam 2;100;l4yKLrNr;November 22, 2018;370;790;0/0;android.gplay
KptvrVzi;The Original Athens;Meraki;4587;0;14164776;3088;0;0;Lunar;United Earth;Human;0;2018-11-21;2018-11-27 21:39:30;2;Prima;62;w0XN0g2C;November 21, 2018;-757;-559;0/0;ios.appstore
SYI0rLf7;Alpha Mars;ThePhoneGuy1;4549;0;10012657;2201;0;2;Red Planet;United Earth;Human;1;2018-02-10;2018-11-27 22:49:03;4;United Earth;100;earth;February 10, 2018;-305;-471;0/0;desktop.windows
sNIwPdAB;Terminus;HariSeldon;4300;0;13621703;3168;0;0;Earthlike;United Earth;Human;0;2018-08-19;2018-11-23 03:05:59;3;Prometheus-1;100;04vahCnA;August 19, 2018;-498;120;0/0;android.gplay
qKANzaIw;Tau Ceti f;unclestink;4192;0;6634459;1583;0;0;Red Planet;United Earth;Human;0;2018-11-21;2018-11-26 12:38:56;1;Mars Colony;100;qZ3OGx3q;November 21, 2018;-787;67;0/0;windows.windowsstore
HUrQo2oe;Lunator;Traxtorne;4027;14;21151705;5252;0;0;Lunar;United Earth;Human;0;2018-11-17;2018-11-27 21:47:28;3;Earth oOo;100;qtvLCMXb;November 17, 2018;-340;123;0/0;android.gplay
k7KTtjlr;Last Hope;Thugnifacent;3991;0;1049746742;263028;0;3;Earthlike;United Earth;Human;1;2018-11-24;2018-11-27 23:46:31;3;Apollo;100;qeIbWxqI;November 24, 2018;730;111;0/0;ios.appstore
xIUVmGtK;Cilillon;duffers4300;3990;1;395903923;99224;0;0;Earthlike;United Earth;Human;1;2018-11-14;2018-11-27 23:30:52;3;BOB-ROSS;100;5aoUeEfV;November 14, 2018;151;-187;0/0;desktop.mac
HmO2eIU7;Rome;zalgo99;3970;0;6215331;1566;0;0;Lunar;United Earth;Human;0;2018-11-20;2018-11-27 15:29:25;3;Prima;100;w0XN0g2C;November 20, 2018;-785;-568;0/0;android.gplay
46AUpO7b;Oilland 3;ItalianColonian;3713;0;11468733;3089;0;0;Earthlike;United Earth;Human;0;2018-08-07;2018-11-25 11:38:58;3;United Earth;100;earth;August 7, 2018;694;-315;0/0;windows.windowsstore
aViA37nf;NeS Homeworld;NeSProgram;3401;0;3401715;1000;0;0;Earthlike;United Earth;Human;0;2018-11-23;2018-11-27 23:53:25;3;United Earth;82;earth;November 23, 2018;363;650;0/0;windows.windowsstore
g1lg7xlt;Banana;zardozlives;3185;0;5112380;1605;0;0;Earthlike;United Earth;Human;0;2018-11-15;2018-11-27 15:28:52;3;Era World;100;T47KjtYr;November 15, 2018;-777;-851;0/0;windows.windowsstore
N5Ibhz2m;RedCity;Neuromancer;3042;15;3188247;1048;0;0;Red Planet;United Earth;Human;0;2018-10-30;2018-11-27 22:48:10;2;The Great Gig in the Sky;98;o8dq7Clb;October 30, 2018;-322;194;0/0;android.gplay
SlKywl5w;Mazar;Wes1311;3004;9;6226190;2073;0;0;Red Planet;United Earth;Human;0;2018-11-17;2018-11-25 17:47:17;3;Fenixalpha;100;7H3tnnTR;November 17, 2018;-102;563;0/0;android.gplay
qy1cnP4D;Koenigshafen;KingPaffi;2867;0;3229798;1127;0;0;Red Planet;United Earth;Human;0;2018-11-24;2018-11-27 23:14:56;1;Satox;64;tmgAClMm;November 24, 2018;-415;763;0/0;android.gplay
qCNNPv3i;Philippine Federation;Nicolo;2644;0;3333193;1261;0;0;Red Planet;United Earth;Human;1;2018-08-18;2018-11-23 07:34:45;1;Late;98;dYMmOt6G;August 18, 2018;-315;-829;0/0;android.gplay
KO5hhTDF;My Colony;Jko1987;2627;6;5803302;2209;0;0;Red Planet;United Earth;Human;0;2018-11-23;2018-11-26 16:40:50;2;Cyndi;56;JlMKV06m;November 23, 2018;458;833;0/0;android.gplay
7vwxoU6w;in n out;kait456;2409;0;3359464;1395;0;0;Red Planet;United Earth;Human;0;2018-11-16;2018-11-27 05:37:48;2;beeeees?;100;E821xUuK;November 16, 2018;-384;249;0/0;steam.mac
VOFroUnE;Humania;rlp;2389;6;5439261;2277;0;0;Earthlike;United Earth;Human;0;2018-11-16;2018-11-27 22:26:19;3;Empire of Mankind;100;3qpxt7BL;November 16, 2018;827;-674;0/0;ios.appstore
uv0cEsjV;Only Mostly Dead;zardozlives;2385;0;1367913;574;0;0;Red Planet;United Earth;Human;0;2018-11-02;2018-11-27 15:01:21;2;[NOZ] punks city;100;o3sXI5f2;November 2, 2018;-491;-388;0/0;windows.windowsstore
O1YhwG8q;France II;LePamplemousse;2236;0;7401609;3310;0;0;Red Planet;United Earth;Human;0;2018-11-23;2018-11-27 22:56:22;2;United Earth;66;earth;November 23, 2018;756;718;0/0;windows.windowsstore
5pprxaay;yee;rmc419;1932;0;3713946;1922;0;0;Earthlike;United Earth;Human;0;2018-11-15;2018-11-26 01:27:06;3;Tryin;100;KtVgnxVB;November 15, 2018;-433;-13;0/0;web.facebook
mm5rcznA;7th circle of Rhye;Jon;1748;0;4551873;2604;0;0;Earthlike;United Earth;Human;0;2018-11-04;2018-11-27 21:51:10;3;Bobbie;78;wA25nfTz;November 4, 2018;-830;-788;0/0;android.gplay
X2EXESK4;Communist Russia;ExperimentedZYT;1697;0;1755037;1034;0;0;Red Planet;United Earth;Human;0;2018-11-22;2018-11-24 07:25:54;0;[NOZ] Invincible;100;qdNNaAv2;November 22, 2018;-277;-624;0/0;windows.windowsstore
Z7kMInIY;Toto 1;Tony7613;1663;0;3838123;2308;0;0;Lunar;United Earth;Human;0;2018-11-19;2018-11-27 23:55:05;4;Genesis;0;yzTdeBYd;November 19, 2018;-151;-617;0/0;ios.appstore
13tZq4M3;kignoland;Kigno;1627;0;4150574;2551;0;0;Red Planet;United Earth;Human;0;2018-11-24;2018-11-26 21:35:07;2;Tryin;100;KtVgnxVB;November 24, 2018;-411;-69;0/0;windows.windowsstore
Q7gVp19n;Apes 2;jessejr;1318;0;8320869;6313;0;0;Earthlike;United Earth;Human;0;2018-11-24;2018-11-27 20:00:49;3;Adam 2;100;l4yKLrNr;November 24, 2018;347;799;0/0;windows.windowsstore
gF5r7PPG;XxKubxX Region;XxKubxX;1266;1;1674699;1323;0;0;Earthlike;United Earth;Human;0;2018-11-09;2018-11-27 22:53:26;3;[NOZ] DGUE;100;kVxf8w1a;November 9, 2018;826;-745;0/0;web.apewebapps
4SfzMeSk;Macworld;appleape;1240;0;4545580;3666;0;0;Lunar;United Earth;Human;0;2018-11-20;2018-11-27 21:58:59;3;Fenixalpha;100;7H3tnnTR;November 20, 2018;767;99;0/0;ios.appstore
JAkxRvrW;Frist Colony of The Moon;brawnlis1;1146;7;5698036;4972;0;0;Lunar;United Earth;Human;0;2018-11-18;2018-11-27 08:25:39;0;Trasburguers;100;5OlVXpjr;November 18, 2018;-755;-442;0/0;windows.windowsstore
ab5SElmi;Ronin2;Cappy6400;1110;0;4887529;4403;0;3;Earthlike;United Earth;Human;1;2018-10-29;2018-11-24 18:12:28;3;My Colony;100;oZM6WfCU;October 29, 2018;-985;909;0/0;windows.windowsstore
dSfCwm3a;Solarians;F3RN4NDESRB;1080;0;1065876;987;0;0;Red Planet;United Earth;Human;0;2018-11-15;2018-11-27 19:23:25;0;[NOZ] Invincible;96;qdNNaAv2;November 15, 2018;-117;30;0/0;android.gplay
pfkeMZqE;{noz}{lone-planet};greensleeves1;1002;21;842596;841;0;0;Red Planet;United Earth;Human;0;2018-11-25;2018-11-27 16:45:34;0;[NOZ] Invincible;100;qdNNaAv2;November 25, 2018;-525;-185;0/0;web.apewebapps
rapImPI4;Klandathu;Dago;880;32;582482;662;0;0;Sugarland;Zolarg Empire;Insectoids;0;2018-11-22;2018-11-28 00:01:44;3;Mustafar;100;TzlcNuEC;November 22, 2018;-646;-717;0/0;android.gplay
zvyNwBnK;My Colony;Superjacobl;711;0;990813;1394;0;0;Earthlike;United Earth;Human;0;2018-11-24;2018-11-27 00:45:16;3;United Earth;100;earth;November 24, 2018;-863;-698;0/0;web.apewebapps
ObLk1tRj;My Colony;Gremlinking;623;0;4400545;7063;0;0;Red Planet;United Earth;Human;0;2018-11-24;2018-11-27 02:40:21;0;Deap;92;DGtRwOmI;November 24, 2018;-681;-745;0/0;android.gplay
uCyUUHD9;Villacapullo;guzaf20;594;0;2355911;3966;0;0;Red Planet;United Earth;Human;0;2018-11-22;2018-11-27 19:29:17;0;Bobbie;98;wA25nfTz;November 22, 2018;-833;-789;0/0;android.gplay
ZH1kEBku;Oh Yeah;123456789;451;0;3074742;6818;0;0;Red Planet;United Earth;Human;0;2018-11-12;2018-11-27 18:50:49;0;Deap;90;DGtRwOmI;November 12, 2018;-645;-663;0/0;android.gplay
T25LfzJx;Jaron;Jaron;344;0;2892844;8409;0;0;Earthlike;United Earth;Human;0;2018-11-21;2018-11-26 17:50:15;3;Tryin;100;KtVgnxVB;November 21, 2018;-420;-22;0/0;windows.windowsstore
htecRcVf;Red (wine) land;lpmendonca;273;0;2553400;9353;0;0;Red Planet;United Earth;Human;0;2018-11-22;2018-11-24 00:26:47;0;[NOZ] Pixeler;100;536x0j1i;November 22, 2018;-965;812;0/0;web.apewebapps
dWtM93Ko;Mars-XM2;VuleMadafaka;223;0;634814;2847;0;0;Red Planet;United Earth;Human;0;2018-11-20;2018-11-26 13:53:44;0;Donnager;100;8Lr47641;November 20, 2018;93;-5;0/0;android.gplay
Zecvamhf;Delta b-1;DarkClawTheWolf;208;0;1266283;6088;0;0;Earthlike;United Earth;Human;0;2018-11-24;2018-11-27 21:24:46;3;The United Peoples of Van-Senaros;100;jfnq2yIK;November 24, 2018;-17;-25;0/0;android.gplay
s8Xqh2g1;Goofers;larryg72;179;9;1125125;6286;0;0;Earthlike;United Earth;Human;0;2018-11-21;2018-11-27 09:47:23;3;Zaddy-Kun;100;15zDfkKl;November 21, 2018;-589;991;0/0;ios.appstore
AKRo6Lza;Little Poland;Hussar;1733691;2;195780760589;112927;4;26;Red Planet;United Earth;Human;1;2018-09-30;2018-11-27 22:23:53;4;UTOPIA;100;ZlM2y4wT;September 30, 2018;-502;314;1/0;windows.windowsstore
bcLjiaas;Emilia II;Wereldvreemd;735374;0;46901946962;63780;2;21;Lunar;United Earth;Human;1;2018-07-22;2018-11-27 22:48:24;4;Helix-Prime;100;5dRwhPsX;July 22, 2018;-844;-159;1/0;ios.appstore
8qJVtqtW;Second YA;Master;317389;6;7058386226;22239;0;1;Red Planet;United Earth;Human;1;2016-12-03;2018-11-27 20:36:31;4;United Earth;100;earth;December 3, 2016;-561;494;1/0;android.gplay
ZDRnqEyJ;Outpost69;kasper42;287405;0;15459241448;53789;0;3;Red Planet;United Earth;Human;1;2016-11-13;2018-11-27 06:05:32;4;United Earth;100;earth;November 13, 2016;-364;526;1/0;web.chrome
IhigRvIq;Neu Falkenstein;FancanTeik;265854;0;94814061947;356640;0;6;Earthlike;United Earth;Human;1;2018-09-15;2018-11-25 20:50:51;4;United Earth;100;earth;September 15, 2018;-767;-367;1/0;windows.windowsstore
6Kroxyoj;Negans World;Samjones1976;196497;5;17257358892;87825;0;0;Forest World;United Earth;Human;1;2018-11-04;2018-11-24 11:16:20;4;Fort Dire;100;CvmiszrX;November 4, 2018;-481;334;1/0;steam.windows
nENadbWt;Amber;morn704;86424;4;59253443978;685613;0;0;Earthlike;United Earth;Human;0;2018-08-02;2018-11-27 23:56:49;4;Helix-Prime;100;5dRwhPsX;August 2, 2018;-865;-168;1/0;desktop.windows
ZGigpea7;Eminer;QQ;42322;0;4577312116;108154;1;4;Red Planet;United Earth;Human;1;2018-04-02;2018-11-27 03:09:19;4;[NOZ] Invincible;100;qdNNaAv2;April 2, 2018;-777;333;1/0;web.apewebapps
PxYREgYD;midnight;colbya;35911;0;10714279350;298356;0;3;Earthlike;United Earth;Human;1;2018-11-15;2018-11-27 03:34:16;4;midnight sunshine;100;U3txPOIC;November 15, 2018;-801;-934;1/0;web.apewebapps
zHs2SeTD;Mars Outpost;naturephoto86;28150;11;185221456;6580;0;1;Lunar;United Earth;Human;1;2018-07-21;2018-11-27 17:32:53;4;Town Lakes;100;bTAMeY8W;July 21, 2018;-481;310;1/0;android.gplay
E2m902ge;Land of mars;Tissac;23166;27;39818680;1719;0;1;Red Planet;United Earth;Human;1;2018-11-15;2018-11-23 10:38:48;4;[NOZ] XxKubxX;100;CSVi7f9z;November 15, 2018;-545;492;1/0;ios.appstore
sHdUFAu0;New Raster;Naomi;19448;91;775110941;39856;0;7;Lunar;United Earth;Human;1;2018-10-27;2018-11-26 05:18:25;3;Forest land;100;x2aE4N65;October 27, 2018;-595;418;1/0;android.gplay
DXsPGIrr;Yerusalem;imhotep19;18751;31;35289103;1882;0;0;Earthlike;United Earth;Human;0;2018-04-30;2018-11-27 20:11:11;4;XergoLand;100;GnXE0oKA;April 30, 2018;-961;-179;1/0;desktop.windows
sp4SqSES;robots;colbya;15780;0;9634904364;610577;0;0;Red Planet;United Earth;Human;0;2018-11-23;2018-11-27 08:23:01;4;midnight;100;PxYREgYD;November 23, 2018;-783;-919;1/0;web.apewebapps
cnQ1KTi9;Borgpow-moon;Borgpow;11430;39;11008465;963;0;0;Lunar;United Earth;Human;0;2018-11-20;2018-11-27 07:53:58;3;Little Poland;100;AKRo6Lza;November 20, 2018;-756;296;1/0;windows.windowsstore
XxFygIm9;Blue Cube;Naomi;10967;14;50489235;4604;0;0;Forest World;United Earth;Human;0;2018-11-03;2018-11-27 21:35:54;3;New Raster;100;sHdUFAu0;November 3, 2018;-594;419;1/0;desktop.windows
TtoWGunb;Tierra;luckrec;9650;20;22453321;2327;0;0;Earthlike;United Earth;Human;0;2018-11-09;2018-11-23 19:18:42;3;Helix-Prime;100;5dRwhPsX;November 9, 2018;-817;-134;1/0;web.apewebapps
3waYjGtI;Home;Ace84;7506;0;78109693924;10406301;0;0;Earthlike;United Earth;Human;0;2018-10-26;2018-11-26 00:07:01;3;Little Poland;100;AKRo6Lza;October 26, 2018;-488;315;1/0;android.gplay
Rz4TMZmx;Warsaw;imhotep19;5981;20;9090244;1520;0;0;Forest World;United Earth;Human;0;2018-11-20;2018-11-27 20:11:58;3;Little Poland;100;AKRo6Lza;November 20, 2018;-207;636;1/0;desktop.windows
pz4TqE9W;Nermal;Tiggerair24;5780;0;29071083;5030;0;0;Earthlike;United Earth;Human;0;2018-09-18;2018-11-26 05:52:35;3;YYZ;100;oKGzQ14X;September 18, 2018;-904;748;1/0;android.gplay
495oITOP;Trantor;Patchdaddy;4014;0;15253946;3800;0;0;Red Planet;United Earth;Human;1;2018-10-25;2018-11-28 00:01:33;4;United Earth;100;earth;October 25, 2018;-979;459;1/0;desktop.linux
rBxRYXtZ;United States;jamesfranksf;2523;0;12796311;5072;0;0;Earthlike;United Earth;Human;0;2018-11-01;2018-11-27 22:12:29;3;Little Poland;2;AKRo6Lza;November 1, 2018;-506;149;1/0;windows.windowsstore
HZbUd2z1;quetopia;quezard;1279;0;3322738;2598;0;0;Red Planet;United Earth;Human;0;2018-10-03;2018-11-26 08:38:16;2;City;100;f702JKht;October 3, 2018;-989;376;1/0;windows.windowsstore
HQTxHBVE;Eden;metru;1204;0;26780986;22243;0;0;Forest World;United Earth;Human;0;2017-04-16;2018-11-25 20:05:29;3;United Earth;100;earth;April 16, 2017;-769;608;1/0;windows.windowsstore
A18drUD0;Qin;LilSan777;1012;0;6451074;6375;0;0;Lunar;United Earth;Human;0;2018-11-13;2018-11-27 01:42:05;0;Eminer;100;ZGigpea7;November 13, 2018;-766;342;1/0;android.gplay
798rcnRe;Le Champ De Patate;LaPatate;403;20;1245892;3092;0;0;Red Planet;United Earth;Human;0;2018-11-18;2018-11-27 12:33:24;0;Emilia II;100;bcLjiaas;November 18, 2018;-879;-283;1/0;android.gplay
8jGcULUM;Moon;Madb0g;305;0;1095567;3592;0;0;Lunar;United Earth;Human;0;2018-11-22;2018-11-25 19:24:58;0;Emilia II;100;bcLjiaas;November 22, 2018;-893;66;1/0;android.gplay
uGjnXOHF;Master2.0;Troyland;142150;1;4664883379;32817;0;0;Red Planet;United Earth;Human;0;2018-04-18;2018-11-25 04:53:16;4;Mars 3.0;100;zPTDjSA5;April 18, 2018;324;-980;0/1;android.gplay
SUYJcIBb;New Atlantis;psychohobbit1;130375;0;5598728114;42943;0;0;Red Planet;United Earth;Human;0;2017-05-04;2018-11-27 11:51:42;4;United Earth;100;earth;May 4, 2017;-81;-443;0/1;desktop.windows
3yb234zZ;Guntheria;BusterLanceX;76496;0;4599662457;60129;0;2;Lunar;United Earth;Human;1;2018-10-09;2018-11-28 00:04:17;4;United Earth;100;earth;October 9, 2018;-432;-813;0/1;windows.windowsstore
t7JUqsE2;MyMasterRegion;JohW;69010;1;306997778;4449;0;0;Forest World;United Earth;Human;0;2018-10-14;2018-11-26 20:08:26;4;MyMasterUniverse;100;LrzXBPeM;October 14, 2018;-76;-934;0/1;windows.windowsstore
TwEbYJcF;Addi;Addi;37250;14;1144610813;30728;0;3;Lunar;United Earth;Human;1;2018-09-21;2018-11-27 21:06:27;4;Domination;100;jGTKNfWT;September 21, 2018;-98;-480;0/1;windows.windowsstore
LWBd9sG4;New Nagolia;Logacube;37183;21;468413029;12598;0;0;Lunar;United Earth;Human;1;2018-11-01;2018-11-27 05:27:59;4;United Earth;100;earth;November 1, 2018;-179;-835;0/1;steam.windows
M5KX2RK6;gamers paridise;namepending;26458;0;752713057;28449;0;2;Red Planet;United Earth;Human;1;2016-11-19;2018-11-25 16:15:03;4;United Earth;100;earth;November 19, 2016;-366;-950;0/1;windows.windowsstore
IcGhBQc0;r0ver;RickSanchez2;20935;0;50979794;2435;0;0;Red Planet;United Earth;Human;0;2018-11-23;2018-11-27 21:45:01;4;United Earth;100;earth;November 23, 2018;925;-957;0/1;windows.windowsstore
a76mt7Wl;Colony;Googleuser999883;3366;4;6133303;1822;0;0;Red Planet;United Earth;Human;0;2018-11-06;2018-11-27 23:46:40;3;United Earth;100;earth;November 6, 2018;-114;-768;0/1;android.gplay
thjVfdIy;Project Horizon Gamma Reboot;Hrazz;523;0;1661705;3177;0;0;Lunar;United Earth;Human;0;2018-10-23;2018-11-27 21:07:19;4;Domination;100;jGTKNfWT;October 23, 2018;-56;-401;0/1;web.apewebapps
3VIXVbHq;Working;tsmurf1007;359;0;1911008;5323;0;0;Earthlike;United Earth;Human;0;2018-11-22;2018-11-26 11:39:31;3;Domination;100;jGTKNfWT;November 22, 2018;-117;-437;0/1;windows.windowsstore
3jU7zA7T;Starnight Network;starnightHK;297;0;1826044;6148;0;0;Red Planet;United Earth;Human;0;2018-11-22;2018-11-26 12:57:21;0;United Earth;90;earth;November 22, 2018;-275;-752;0/1;android.gplay
sUhEz7Qn;Semore;bjsmith2340;64934;17;7452503133;114770;0;1;Red Planet;United Earth;Human;1;2016-12-18;2018-11-27 23:34:26;4;United Earth;100;earth;December 18, 2016;-392;-443;1/1;web.chrome
top7eiyi;Zootopia;gckearns;834;0;2865304;3436;0;0;Earthlike;United Earth;Human;0;2018-11-18;2018-11-27 13:16:01;3;Opega;86;Eb4AkxNb;November 18, 2018;-791;-865;1/1;android.gplay
otUGqj3T;Middle-Earth;Statquo86;2038781;26;42487789156;20840;2;26;Lunar;United Earth;Human;1;2018-10-06;2018-11-26 04:20:41;4;Middle Earth;100;6j9X8MyX;October 6, 2018;843;682;-1/0;android.gplay
HeVlaS4J;Isengard;Statquo86;1928611;61;21410444596;11101;4;9;Lunar;United Earth;Human;1;2018-11-18;2018-11-27 22:29:31;4;Middle-Earth;100;otUGqj3T;November 18, 2018;875;355;-1/0;android.gplay
9CcovFWL;[NOZ] Pagonia;hypegt;1899668;1;370657154187;195117;5;14;Red Planet;United Earth;Human;1;2018-11-09;2018-11-27 23:30:39;4;[NOZ] DGUE;100;kVxf8w1a;November 9, 2018;765;748;-1/0;desktop.windows
kVxf8w1a;[NOZ] DGUE;dfv123;1816089;0;512509622763;282205;13;66;Red Planet;United Earth;Human;1;2017-11-10;2018-11-28 00:03:50;4;United Earth;100;earth;November 10, 2017;904;942;-1/0;web.apewebapps
Cjy3uM5h;ThisWorld;gkdkggl;1237074;0;826529517586;668133;7;71;Red Planet;United Earth;Human;1;2017-06-21;2018-11-27 20:01:28;4;Astro Corporation;100;Y37qkLgX;June 21, 2017;602;134;-1/0;desktop.windows
2d9HOAP6;Go ahead, make my day!;banginis;612010;0;1276278535968;2085388;0;0;Lunar;United Earth;Human;0;2018-10-08;2018-11-27 16:20:03;4;[NOZ] DGUE;100;kVxf8w1a;October 8, 2018;666;855;-1/0;windows.windowsstore
Y37qkLgX;Astro Corporation;SCBrian;257566;0;35771929491;138885;1;4;Red Planet;United Earth;Human;1;2017-04-12;2018-11-25 15:26:17;4;United Earth;100;earth;April 12, 2017;620;115;-1/0;desktop.windows
mRjg8xFj;Unitar;ideflix;135202;26;6474375228;47887;0;15;Earthlike;United Earth;Human;1;2018-07-18;2018-11-27 20:31:34;4;[NOZ] DGUE;100;kVxf8w1a;July 18, 2018;898;914;-1/0;web.apewebapps
yr2jzYl5;Tim Town;Lastborncircle;113678;11;980787288;8628;0;4;Earthlike;United Earth;Human;1;2018-09-19;2018-11-27 22:48:05;4;Bertha;100;ditCKGfk;September 19, 2018;845;706;-1/0;desktop.windows
8fC3WhkB;Blitzedaussie2;blitzedaussie;81189;8;529283074;6519;0;0;Lunar;United Earth;Human;1;2018-10-24;2018-11-27 23:39:17;3;United Earth;100;earth;October 24, 2018;904;-261;-1/0;android.gplay
leGy1SBB;Red planet;Jodyfowler;80877;1;456095561;5639;0;6;Red Planet;United Earth;Human;1;2017-06-08;2018-11-26 22:51:54;4;United Earth;100;earth;June 8, 2017;971;-330;-1/0;android.gplay
TEw1oAOe;Polaris;Banana;77572;0;1744887581;22494;1;17;Red Planet;United Earth;Human;1;2018-07-28;2018-11-27 01:00:55;4;ThisWorld;100;Cjy3uM5h;July 28, 2018;926;191;-1/0;android.gplay
NzrFwhOf;The Wasteland;Bolverk;47592;4;164889979;3465;0;0;Red Planet;United Earth;Human;1;2018-11-16;2018-11-28 00:04:05;4;[NOZ] DGUE;100;kVxf8w1a;November 16, 2018;800;850;-1/0;android.gplay
CZhfghE6;Hive-1;Master;34820;0;2610400966;74968;0;2;Sugarland;Zolarg Empire;Insectoids;1;2017-03-13;2018-11-27 23:22:24;3;United Earth;100;earth;March 13, 2017;528;-56;-1/0;android.gplay
FsUOzi3Z;WezzoNl;WezzoNL;28828;5;327164558;11349;0;4;Red Planet;United Earth;Human;1;2018-10-17;2018-11-25 12:15:03;3;a new hope;100;jSPowums;October 17, 2018;434;-937;-1/0;android.gplay
2SstkYCl;Mantix;Mantix;19093;0;123367974;6461;0;4;Red Planet;United Earth;Human;1;2018-10-24;2018-11-27 20:34:04;4;My Colony;100;Nptrh0M1;October 24, 2018;831;-326;-1/0;web.chrome
uh1YlPp1;Dol Gur;zardozlives;19033;1;530297872;27862;0;0;Earthlike;United Earth;Human;0;2018-11-20;2018-11-27 22:43:33;3;Isengard;100;HeVlaS4J;November 20, 2018;867;338;-1/0;windows.windowsstore
YeGfPKhc;Splonge;creepandpeep;16527;0;42173985;2552;0;0;Red Planet;United Earth;Human;1;2018-11-08;2018-11-27 03:06:44;3;The Foundry of Souls;96;i55tF872;November 8, 2018;643;276;-1/0;web.apewebapps
SdlBIzU8;Whyte;DarkHelmet;16370;2;537044216;32807;0;0;Lunar;United Earth;Human;0;2018-11-18;2018-11-26 03:49:44;3;[NOZ] Pagonia;100;9CcovFWL;November 18, 2018;648;713;-1/0;android.gplay
51kyxWfE;Colonoscopy rememberance;kjeval;13247;2;32528001;2455;0;0;Earthlike;United Earth;Human;0;2018-10-04;2018-11-27 18:49:17;3;a new hope;100;jSPowums;October 4, 2018;425;-921;-1/0;windows.windowsstore
dPmfC3mA;Hell;Adnaan;12628;0;29365596;2325;0;0;Red Planet;United Earth;Human;0;2018-11-22;2018-11-25 16:12:38;2;[NOZ] DGUE;100;kVxf8w1a;November 22, 2018;792;958;-1/0;android.gplay
IUBg3IH5;DutchPride;WezzoNL;12587;36;58809340;4672;0;0;Lunar;United Earth;Human;0;2018-10-26;2018-11-27 23:45:17;3;WezzoNl;100;FsUOzi3Z;October 26, 2018;422;-946;-1/0;android.gplay
xnwtD1pi;xnwtD1pi-error-invalid-characters-1543363495.7076912;bunkerman;5460;0;20486001;3752;2;2;Earthlike;United Earth;Human;1;2018-11-04;2018-11-28 00:00:34;3;Middle-Earth;100;otUGqj3T;November 4, 2018;772;-100;-1/0;web.apewebapps
WXU2YJeu;Erebor;hannelore8anubis;5232;10;1400909;268;0;0;Red Planet;United Earth;Human;0;2018-11-18;2018-11-28 00:03:21;3;[NOZ] Pagonia;100;9CcovFWL;November 18, 2018;771;697;-1/0;windows.windowsstore
9wCJNwaF;Apes, Planet of;jessejr;5095;0;4831744;948;0;0;Earthlike;United Earth;Human;0;2018-11-21;2018-11-24 14:32:30;3;Ada;100;dda5LPzk;November 21, 2018;459;-950;-1/0;windows.windowsstore
CXtAQeAk;Eternal;Maxwal;4600;0;28300789;6152;0;0;Red Planet;United Earth;Human;0;2018-11-03;2018-11-27 19:11:28;4;Polaris;100;TEw1oAOe;November 3, 2018;922;202;-1/0;android.gplay
GG1BGJSV;Astereon;Eakam1007;4466;0;12373482;2771;0;0;Earthlike;United Earth;Human;0;2018-11-12;2018-11-27 16:21:05;3;Middle-Earth;100;otUGqj3T;November 12, 2018;706;344;-1/0;windows.windowsstore
ZCJLopno;Caesar;Totillity1;4251;0;10624462;2499;0;0;Red Planet;United Earth;Human;0;2018-11-20;2018-11-26 23:54:25;3;United Earth;100;earth;November 20, 2018;807;72;-1/0;desktop.mac
dda5LPzk;Ada;hakan23556;4208;31;841762584;200039;3;61;Lunar;United Earth;Human;1;2018-04-28;2018-11-27 23:50:00;4;United Earth;100;earth;April 28, 2018;462;-929;-1/0;desktop.windows
eWQYE7IZ;SylveCity;Trender;4143;0;6729302;1624;0;0;Earthlike;United Earth;Human;0;2018-11-22;2018-11-28 00:04:01;3;ðŸ—½;100;xnwtD1pi;November 22, 2018;782;-101;-1/0;steam.windows
xzBLSAlD;CRISTOBAL;LUONG;3049;19;5922189;1942;0;0;Red Planet;United Earth;Human;0;2018-11-23;2018-11-26 22:48:54;2;Isengard;100;HeVlaS4J;November 23, 2018;797;334;-1/0;ios.appstore
5MjGPtWw;I dont know;S0RA;2731;2;4615982;1690;0;0;Red Planet;United Earth;Human;0;2018-09-06;2018-11-27 16:56:26;2;ThisWorld;100;Cjy3uM5h;September 6, 2018;673;-32;-1/0;windows.windowsstore
0rmYu4lz;smurf1;tsmurf1007;2687;0;8339356;3104;0;0;Earthlike;United Earth;Human;0;2018-11-23;2018-11-27 00:36:03;3;Isengard;100;HeVlaS4J;November 23, 2018;795;188;-1/0;windows.windowsstore
ebZUtPgl;Terra Firma;imhotep19;2363;0;4434093;1876;0;0;Earthlike;United Earth;Human;0;2018-11-12;2018-11-27 18:55:35;3;MornTW;100;lxLqnMfh;November 12, 2018;986;902;-1/0;desktop.windows
1AfYB8gG;scottzilla;scottzilla;2360;0;427601;181;0;0;Red Planet;United Earth;Human;0;2018-11-24;2018-11-27 16:52:04;2;[NOZ] DGUE;100;kVxf8w1a;November 24, 2018;941;456;-1/0;android.gplay
KRjWs71M;Saruya;Sayikin;2190;0;4003431;1828;0;0;Earthlike;United Earth;Human;0;2018-11-22;2018-11-27 22:30:24;3;[NOZ] Pagonia;100;9CcovFWL;November 22, 2018;858;832;-1/0;windows.windowsstore
mEnyZ2MQ;pit;pietrobella03;2014;34;2731527;1356;0;0;Earthlike;United Earth;Human;0;2018-11-25;2018-11-27 20:30:16;3;ThisWorld;32;Cjy3uM5h;November 25, 2018;320;-271;-1/0;web.apewebapps
iNMfwuOo;Liquen;luckrec;1302;0;2547822;1957;0;0;Forest World;United Earth;Human;0;2018-11-15;2018-11-27 23:41:49;3;[NOZ] Pagonia;100;9CcovFWL;November 15, 2018;796;759;-1/0;web.apewebapps
wa8vAVhG;Einoch;thepuschel;1207;29;2938515;2435;0;0;Earthlike;United Earth;Human;0;2018-11-06;2018-11-26 00:01:50;3;United Earth;20;earth;November 6, 2018;792;-580;-1/0;ios.appstore
6xlhJXSz;Marte2;mask81;1139;0;2134427;1874;0;0;Red Planet;United Earth;Human;0;2018-11-18;2018-11-25 16:02:53;0;[NOZ] Pagonia;100;9CcovFWL;November 18, 2018;794;765;-1/0;android.gplay
xF76JCls;FTF-4;73m819;1052;0;1719289;1634;0;0;Earthlike;United Earth;Human;0;2018-11-22;2018-11-27 22:59:31;3;ðŸ—½;75;xnwtD1pi;November 22, 2018;779;-110;-1/0;windows.windowsstore
Zh7KkRl4;Zeta Prime;AlliciaFireen;463;0;1131394;2444;0;0;Earthlike;United Earth;Human;0;2018-07-15;2018-11-25 19:48:57;3;ThisWorld;86;Cjy3uM5h;July 15, 2018;872;477;-1/0;desktop.windows
GaQNhQaw;Lunar;Amorelus;262;0;759728;2900;0;0;Lunar;United Earth;Human;0;2018-11-23;2018-11-25 06:44:13;0;Ada;100;dda5LPzk;November 23, 2018;436;-922;-1/0;ios.appstore
GWfHRSNn;Trappist - 1;Brumeline;251;0;823719;3282;0;0;Red Planet;United Earth;Human;0;2018-11-16;2018-11-25 21:10:59;0;United Earth;82;earth;November 16, 2018;927;550;-1/0;android.gplay
fXRx1g1U;;WetGrills;207;0;1211251;5851;0;0;Earthlike;United Earth;Human;0;2018-11-24;2018-11-27 18:20:30;3;Ada;100;dda5LPzk;November 24, 2018;433;-904;-1/0;android.gplay
ZMNVTVao;Weakness;DragonGod56;123803;0;6322630195;51070;0;1;Red Planet;United Earth;Human;1;2016-12-25;2018-11-25 17:52:37;4;United Earth;100;earth;December 25, 2016;821;-835;-1/1;windows.windowsstore
yx2LfQ6q;[NOZ]Enterprise NCC 1701 C;Lootstealer2015;81370;0;258122255;3172;0;8;Lunar;United Earth;Human;1;2018-09-15;2018-11-26 01:18:03;4;[NOZ] Trade Federation;100;l1l3omqZ;September 15, 2018;591;-791;-1/1;android.gplay
KtRUlMJM;ZetaX;zetacross;5654;0;38525180;6814;0;0;Lunar;United Earth;Human;0;2018-11-11;2018-11-25 11:28:01;3;[NOZ] DGUE;100;kVxf8w1a;November 11, 2018;903;-791;-1/1;steam.windows
118OyqK3;[NOZ] Ashen Lands;Ashanorath;2522592;0;198323145830;78619;2;3;Forest World;United Earth;Human;1;2018-11-08;2018-11-27 23:24:10;4;[NOZ] Invincible;100;qdNNaAv2;November 8, 2018;-49;670;0/-1;desktop.windows
mPu9lnWT;[NOZ] Planet Gliese;cry8wolf9;1799118;0;2367074871767311;1315686282;2;7;Red Planet;United Earth;Human;1;2018-09-05;2018-11-26 22:32:27;4;Gliese;100;jQiAiYU0;September 5, 2018;208;806;0/-1;desktop.windows
jWtk41vX;#0;PaVader;576002;0;15057084183;26141;0;1;Red Planet;United Earth;Human;1;2018-11-16;2018-11-28 00:03:20;4;Light Cow;100;lrhP3rsT;November 16, 2018;-802;808;0/-1;web.apewebapps
SzhHGm5H;Pointopia;Letspoint;408419;0;27627492879;67645;0;0;Lunar;United Earth;Human;1;2018-10-05;2018-11-25 16:02:02;4;Gin;100;Y5qXYph2;October 5, 2018;357;780;0/-1;android.gplay
SGk3eP5Y;Brilly;Cagri;203128;0;44843784633;220766;4;26;Lunar;United Earth;Human;1;2018-05-19;2018-11-27 20:57:33;4;Special Circumstances;100;IgjkGgnv;May 19, 2018;-823;858;0/-1;android.gplay
Y5qXYph2;Gin;Hees;144544;0;10323818579;71423;1;8;Red Planet;United Earth;Human;1;2017-07-11;2018-11-26 03:56:35;4;United Earth;100;earth;July 11, 2017;317;792;0/-1;windows.windowsstore
goOHBmCc;TBWG;ThunderboltwolfG;81684;9;115336166;1412;0;1;Lunar;United Earth;Human;1;2018-08-14;2018-11-27 14:41:19;4;Brilly;100;SGk3eP5Y;August 14, 2018;-851;862;0/-1;android.gplay
lrhP3rsT;Light Cow;PaVader;75202;0;529629576230;7042759;0;2;Red Planet;United Earth;Human;1;2018-10-16;2018-11-27 23:54:14;4;Brilly;100;SGk3eP5Y;October 16, 2018;-792;793;0/-1;web.apewebapps
8N0ZghfT;Yak Herder;harry271;55736;11;1772702593;31805;0;0;Earthlike;United Earth;Human;0;2018-07-22;2018-11-27 18:31:42;3;NovaScopum;100;4JiqBa3c;July 22, 2018;580;966;0/-1;windows.windowsstore
FyuKEprv;Sids Colony;Lolillidan;51125;6;470309475;9199;1;3;Lunar;United Earth;Human;1;2018-05-23;2018-11-27 07:58:23;4;Gliese;100;jQiAiYU0;May 23, 2018;364;701;0/-1;android.gplay
ZTUDGT3S;Ealdor;Silvae;42022;18;2232821381;53135;0;0;Lunar;United Earth;Human;0;2018-11-16;2018-11-27 15:00:31;4;[NOZ] Ashen Lands;100;118OyqK3;November 16, 2018;-8;650;0/-1;web.apewebapps
QpzrzgcN;Luna;mark6664;37606;0;123120627;3274;0;0;Lunar;United Earth;Human;1;2018-11-11;2018-11-25 11:32:25;4;Endor;100;lfDwbMA7;November 11, 2018;47;951;0/-1;steam.windows
bb54xHVI;Tims Region;Lastborncircle;33773;15;46763463;1385;0;0;Earthlike;United Earth;Human;1;2018-11-23;2018-11-27 23:04:52;3;[NOZ] Ashen Lands;100;118OyqK3;November 23, 2018;-274;421;0/-1;desktop.windows
vLiWbeFx;Anna;tblue1313;27460;3;121890510;4439;0;0;Lunar;United Earth;Human;0;2018-10-26;2018-11-26 04:46:09;4;Blue 1;100;H28DVBpr;October 26, 2018;210;812;0/-1;android.gplay
qENZRFTF;Almost Dead;zardozlives;17289;0;76089036;4401;0;0;Red Planet;United Earth;Human;0;2018-11-01;2018-11-27 15:34:38;4;[NOZ] Aussie Empire;100;idzzzcvF;November 1, 2018;448;849;0/-1;windows.windowsstore
20GMv9QI;Lunar Sooner;PREDGEHAMMER;16806;22;44142778;2627;0;0;Lunar;United Earth;Human;0;2018-06-03;2018-11-27 13:32:49;3;[NOZ] Planet Gliese;100;mPu9lnWT;June 3, 2018;-829;770;0/-1;android.gplay
AN4Jca2c;Freedmoon origin (FFF);Freedmoon;15400;5;74627475;4846;0;6;Lunar;United Earth;Human;1;2017-09-16;2018-11-26 19:25:51;4;ThisWorld;100;Cjy3uM5h;September 16, 2017;-951;801;0/-1;web.apewebapps
iNu7QWTB;Vulcan;Nitewolf;11198;1;34765696;3105;0;4;Red Planet;United Earth;Human;1;2017-01-10;2018-11-27 22:50:54;4;United Earth;100;earth;January 10, 2017;-153;493;0/-1;android.gplay
W9galL6O;New Dawn;evansricky;9885;0;51000569;5159;0;0;Lunar;United Earth;Human;0;2018-11-24;2018-11-28 00:03:19;3;Donnager;100;8Lr47641;November 24, 2018;-582;581;0/-1;desktop.mac
65Oly0KW;RegularMoon;YalaCobain;8029;1;18872516;2351;0;0;Lunar;United Earth;Human;0;2018-11-03;2018-11-26 20:04:42;3;[NOZ] Aussie Empire;100;idzzzcvF;November 3, 2018;440;852;0/-1;web.apewebapps
sLl3bYAg;Meowth;ahmadsas70;5875;2;10333112;1759;0;0;Earthlike;United Earth;Human;0;2018-11-07;2018-11-27 15:24:51;3;Brilly;100;SGk3eP5Y;November 7, 2018;-778;851;0/-1;android.gplay
rIuFFwfl;Farm 01;Weeds86;4576;27;14310909;3127;0;0;Lunar;United Earth;Human;0;2018-11-12;2018-11-27 19:20:21;2;Sids Colony;100;FyuKEprv;November 12, 2018;353;687;0/-1;android.gplay
rZ0mRfhm;Oooookkks;morn704;4404;0;17429684;3958;0;0;Earthlike;United Earth;Human;0;2018-11-21;2018-11-23 15:11:09;3;[NOZ] Planet Gliese;100;mPu9lnWT;November 21, 2018;-211;365;0/-1;desktop.windows
DNL5Fp5l;oof;Koolkid293;3528;0;5501143;1559;0;0;Lunar;United Earth;Human;0;2018-11-20;2018-11-27 02:00:55;3;United Earth;100;earth;November 20, 2018;111;957;0/-1;windows.windowsstore
U4xz7MmL;LUNAR-7;zardozlives;1744;0;5382275;3086;0;0;Lunar;United Earth;Human;0;2018-10-30;2018-11-27 15:27:19;2;Brilly;100;SGk3eP5Y;October 30, 2018;-818;821;0/-1;windows.windowsstore
8iUSzeoE;absal;pfgalla;1255;0;4140544;3299;0;1;Red Planet;United Earth;Human;1;2018-11-14;2018-11-27 23:59:00;4;Wm1354;100;0AcsRV9x;November 14, 2018;-709;946;0/-1;steam.windows
LkXE4kSN;I stole Mars from Elon Musk;drerp;128392;1;12125757702;94443;1;3;Red Planet;United Earth;Human;1;2017-12-16;2018-11-27 23:23:54;4;United Earth;100;earth;December 16, 2017;-910;985;1/-1;steam.windows
vmcfrOuR;NC;Chacen13;69264;0;9485945199;136953;2;10;Red Planet;United Earth;Human;1;2017-07-10;2018-11-27 09:27:17;4;United Earth;100;earth;July 10, 2017;-851;835;1/-1;steam.windows
jIwuHOnu;Zigge Zagge Hoi Hoi Hoi;Distman;5996;0;33402378;5571;0;1;Red Planet;United Earth;Human;1;2016-12-18;2018-11-27 22:54:55;4;United Earth;100;earth;December 18, 2016;-452;817;1/-1;desktop.windows
W7IG42a5;Texas;gimpwithacamera;5751;0;13848267;2408;0;0;Red Planet;United Earth;Human;0;2018-11-16;2018-11-27 20:50:39;3;NC;100;vmcfrOuR;November 16, 2018;-843;859;1/-1;windows.windowsstore
yVdwGkTj;Yeetus;enderslash1010;2573;0;9503462;3694;0;0;Lunar;United Earth;Human;0;2018-11-23;2018-11-27 23:54:43;1;I stole Mars from Elon Musk;100;LkXE4kSN;November 23, 2018;-893;952;1/-1;windows.windowsstore
Ufs4TAM6;Mudd;zardozlives;1372;0;3660850;2668;0;0;Earthlike;United Earth;Human;0;2018-11-07;2018-11-27 15:21:05;3;Devilium;100;1hf19DkF;November 7, 2018;-836;858;1/-1;windows.windowsstore
utxc3def;Phobos III;Teatar;300;0;965709;3219;0;0;Red Planet;United Earth;Human;0;2018-11-20;2018-11-25 03:32:47;0;NC;96;vmcfrOuR;November 20, 2018;-836;861;1/-1;android.gplay
HeihoKj3;o;windschlaf;23762;35;74737127;3145;0;0;Earthlike;United Earth;Human;0;2018-10-30;2018-11-27 05:58:26;3;Adriel Pedro;100;NbenarqW;October 30, 2018;567;674;-1/-1;android.gplay
3JfVnHN5;BosnaSpace;dailne;465;0;2186209;4702;0;0;Earthlike;United Earth;Human;0;2018-11-15;2018-11-24 19:58:27;3;United Earth;76;earth;November 15, 2018;848;757;-1/-1;android.gplay
YO0X2JJm;Sazir;Fr0stbite;241;0;66143928;274456;0;0;Earthlike;United Earth;Human;0;2018-10-19;2018-11-27 05:24:11;3;Kevins Main Colony;100;TMpG7v9k;October 19, 2018;579;670;-1/-1;android.amazon
NMsbat9G;[NOZ] Ceres;UltimateNerd00;341309;43;28901449712;84678;1;8;Asteroid;League of Independent States;Human;1;2017-11-11;2018-11-27 23:57:06;4;Independent State;100;lis;November 11, 2017;-97;-152;-1/-2;desktop.windows
1jv5mgRf;Bier;Masterlennie;167090;87;11173175418;66869;2;7;Abandoned World;League of Independent States;Human;1;2018-10-17;2018-11-27 07:17:55;4;Independent State;100;lis;October 17, 2018;46;-31;-1/-2;desktop.windows
RKiNQAdX;Nine Dimensional Crystal Sanctuary;SickSadSaint;157634;1;1030779641;6539;1;6;Abandoned World;League of Independent States;Human;1;2017-12-14;2018-11-24 17:18:36;4;Independent State;100;lis;December 14, 2017;139;69;-1/-2;desktop.linux
5veCCNUf;Eidolon Prime;DeepSpaceSteve;56262;2;1155824351;20544;1;12;Abandoned World;League of Independent States;Human;1;2017-05-11;2018-11-27 17:40:33;4;Independent State;100;lis;May 11, 2017;-233;-278;-1/-2;android.gplay
a5PNy53p;Etkal;EtAhP;36573;1;43308642;1184;0;0;Abandoned World;League of Independent States;Human;0;2018-11-13;2018-11-27 22:37:41;3;Sol;100;AJ2Jibkw;November 13, 2018;-276;-180;-1/-2;android.gplay
Cn0bea4E;Red 1;Bryce;30838;2;664093328;21535;5;11;Abandoned World;League of Independent States;Human;1;2018-09-07;2018-11-27 22:17:50;4;Ferret Nation;100;r5C7FB8a;September 7, 2018;-10;49;-1/-2;android.gplay
6X60MjMv;LP-01;gorgon;28484;1;676949750;23766;0;3;Abandoned World;League of Independent States;Human;1;2018-08-20;2018-11-25 17:22:38;4;Independent State;100;lis;August 20, 2018;-178;185;-1/-2;windows.windowsstore
JzmgOMZu;Ur;imhotep19;24502;38;149842750;6116;0;0;Abandoned World;League of Independent States;Human;0;2018-05-18;2018-11-27 20:20:30;4;XergoLand;100;GnXE0oKA;May 18, 2018;26;-133;-1/-2;desktop.windows
95dzIGus;Mud odyssee;Lordjuju;22304;10;140152717;6284;0;0;Asteroid;League of Independent States;Human;0;2018-11-16;2018-11-27 21:51:22;3;Independent State;100;lis;November 16, 2018;-3;140;-1/-2;android.gplay
d6FGn4OU;Abandoned;Sq23p;21442;7;78609257;3666;0;2;Abandoned World;League of Independent States;Human;1;2017-09-07;2018-11-27 11:54:13;4;Independent State;100;lis;September 7, 2017;42;-241;-1/-2;android.gplay
lqDuVGHO;Regional Manager;ctapps;8052;0;55769505;6926;0;0;Abandoned World;League of Independent States;Human;0;2018-11-02;2018-11-26 18:30:23;4;Greenland;100;TN1SiT5E;November 2, 2018;106;322;-1/-2;web.chrome
ky5o1ELa;Alphaleague;ravnis;7708;40;29344888;3807;0;1;Asteroid;League of Independent States;Human;1;2018-11-02;2018-11-24 08:07:46;3;Bier;100;1jv5mgRf;November 2, 2018;53;-44;-1/-2;android.gplay
U3Cuoe49;Lyon embassy;saimlow1;6375;1;35172669;5517;0;0;Abandoned World;League of Independent States;Human;0;2018-10-21;2018-11-27 20:06:09;3;Independent State;100;lis;October 21, 2018;218;-53;-1/-2;android.gplay
ATX7qEx9;Bedford;HawkReaver;4487;0;44037075;9814;0;0;Asteroid;League of Independent States;Human;0;2018-11-19;2018-11-26 03:15:59;3;Eidolon Prime;100;5veCCNUf;November 19, 2018;-240;-282;-1/-2;steam.windows
Ngf7fdey;Paralelni Polis;roshii;3771;5;20989362;5566;0;3;Ice World;League of Independent States;Human;1;2018-10-28;2018-11-27 22:11:25;3;Independent State;100;lis;October 28, 2018;168;5;-1/-2;android.gplay
HgzyarUN;Suntree 2.0;Augustus123;3322;0;15172088;4567;0;0;Ice World;League of Independent States;Human;0;2018-11-08;2018-11-27 21:12:33;2;Independent State;100;lis;November 8, 2018;-199;-211;-1/-2;steam.windows
jKwAOAeV;Asuria;Devcutter;2848;5;6298714;2212;0;0;Abandoned World;League of Independent States;Human;0;2018-11-17;2018-11-25 22:52:00;3;Independent State;78;lis;November 17, 2018;164;276;-1/-2;android.gplay
JHl6uiTk;Port Isolation;DeepSpaceSteve;2492;29;4592544;1843;0;0;Ice World;League of Independent States;Human;0;2017-09-18;2018-11-26 19:11:49;3;Eidolon Prime;100;5veCCNUf;September 18, 2017;-215;-264;-1/-2;android.gplay
YDFQHk6B;Popcicle;zardozlives;2209;0;10638721;4816;0;0;Ice World;League of Independent States;Human;0;2018-11-08;2018-11-27 14:55:30;3;Bier;100;1jv5mgRf;November 8, 2018;26;-11;-1/-2;windows.windowsstore
NiXLVTYu;Hades;Samjones1976;2062;1;8882487;4308;0;0;Ice World;League of Independent States;Human;0;2018-11-25;2018-11-27 10:48:30;1;Red 1;100;Cn0bea4E;November 25, 2018;-8;48;-1/-2;steam.windows
Rg6lrt0g;New loyalton;Hatepigeon;1570;0;4481358;2854;0;0;Asteroid;League of Independent States;Human;0;2018-11-15;2018-11-27 00:34:07;2;Desolation;100;S9s86KZh;November 15, 2018;119;87;-1/-2;android.gplay
2tqNz0M5;Ongoing;Brutalski;1408;0;8904439;6324;0;0;Abandoned World;League of Independent States;Human;0;2018-11-24;2018-11-26 20:41:54;3;Independent State;86;lis;November 24, 2018;-200;-162;-1/-2;android.gplay
aUdWHPp1;USSR;SireSolo;741;0;2977815;4019;0;0;Abandoned World;League of Independent States;Human;0;2018-11-15;2018-11-25 22:40:59;3;Red 1;100;Cn0bea4E;November 15, 2018;-2;66;-1/-2;android.gplay
uJ34ooKI;Abandon;Amorelus;678;0;2668845;3936;0;0;Abandoned World;League of Independent States;Human;0;2018-11-21;2018-11-23 01:11:29;3;Nine Dimensional Crystal Sanctuary;92;RKiNQAdX;November 21, 2018;143;80;-1/-2;ios.appstore
WjGg52j1;Rabbit Death Hole;PREDGEHAMMER;647;10;3062273;4733;0;0;Ice World;League of Independent States;Human;0;2018-06-01;2018-11-25 04:44:11;0;Red 1;100;Cn0bea4E;June 1, 2018;196;327;-1/-2;android.gplay
CmjupDE1;ChillVille;Saijan;630;0;3235434;5136;0;0;Ice World;League of Independent States;Human;0;2018-09-29;2018-11-27 01:09:04;0;Desolation;100;S9s86KZh;September 29, 2018;65;-172;-1/-2;android.gplay
A6HlEWw5;Rosario2;Firmayo;618;0;3225295;5219;0;0;Abandoned World;League of Independent States;Human;0;2018-11-23;2018-11-27 23:55:25;3;Independent State;100;lis;November 23, 2018;-292;109;-1/-2;web.apewebapps
3MNa2n06;90210;Shadowspawn;120;2;1071869;8932;0;0;Ice World;League of Independent States;Human;0;2018-11-23;2018-11-26 04:56:44;0;[NOZ] Ceres;100;NMsbat9G;November 23, 2018;-98;-105;-1/-2;android.gplay
l5ElU89k;Rosario;Firmayo;116;0;1537911;13258;0;0;Asteroid;League of Independent States;Human;0;2018-11-22;2018-11-27 23:00:12;0;Independent State;100;lis;November 22, 2018;126;304;-1/-2;web.apewebapps
p6cuHiVH;Estheria;evansricky;109920;0;10525020040;95752;0;3;Sugarland;Zolarg Empire;Insectoids;1;2018-11-11;2018-11-24 11:57:01;4;Donnager;100;8Lr47641;November 11, 2018;-809;-493;104/-86;web.apewebapps
1qoSp1g9;Relic Farm;Ansom;92680;21;7452515200;80411;0;0;Sugarland;Zolarg Empire;Insectoids;1;2018-03-11;2018-11-25 17:20:17;3;Zolarg Prime;100;zolarg;March 11, 2018;-124;22;104/-86;desktop.windows
P1fxduac;Antfunn;misteddawn;39032;51;506944160;12988;0;1;Sugarland;Zolarg Empire;Insectoids;1;2018-03-23;2018-11-27 10:07:57;3;United Earth;100;earth;March 23, 2018;825;201;104/-86;desktop.windows
5XUzISr9;Mimir;wodanaz;14580;0;24028927;1648;0;0;Sugarland;Zolarg Empire;Insectoids;0;2018-04-06;2018-11-25 15:06:52;3;Yggdrasil;100;5hbMU92y;April 6, 2018;123;651;104/-86;desktop.windows
Y3Jf9Ezi;roach motel;colbya;10400;0;1514184970;145595;1;5;Sugarland;Zolarg Empire;Insectoids;1;2018-11-19;2018-11-28 00:05:45;3;midnight;100;PxYREgYD;November 19, 2018;-814;-469;104/-86;web.apewebapps
rYmWh2Zc;Isamu Domain 2.1;kuke3og;8948;0;3249035615;363102;0;0;Ice World;Zolarg Empire;Insectoids;1;2018-09-13;2018-11-26 12:18:18;3;Zolarg Prime;100;zolarg;September 13, 2018;-779;-617;104/-86;web.apewebapps
h4T1JxTh;Zolarg;Silvae;4000;4;120700771;30175;0;0;Sugarland;Zolarg Empire;Insectoids;1;2018-11-14;2018-11-26 16:20:41;3;Zeap;100;wBocNsDZ;November 14, 2018;-822;-487;104/-86;web.apewebapps
JZhZAalL;Zolarg;Amorelus;2840;27;3095358;1090;0;0;Ice World;Zolarg Empire;Insectoids;0;2018-11-25;2018-11-27 04:43:30;0;Zolarg Prime;32;zolarg;November 25, 2018;-474;560;104/-86;desktop.mac
uLeqxLOZ;BedBug Kingdom;PREDGEHAMMER;2440;7;3111078;1275;0;0;Sugarland;Zolarg Empire;Insectoids;0;2018-06-10;2018-11-27 13:33:02;3;roach motel;100;Y3Jf9Ezi;June 10, 2018;688;724;104/-86;android.gplay
QCGyMIub;My Colony;Amorelus;1722;1;2683940;1559;0;0;Ice World;Zolarg Empire;Insectoids;0;2018-11-22;2018-11-25 05:36:04;0;Xindi 7;84;xM8Hkn8U;November 22, 2018;-924;-19;104/-86;desktop.mac
ckJBeEEE;Artiornia;NulliusRex;1380;0;2479083;1796;0;0;Ice World;Zolarg Empire;Insectoids;0;2018-07-21;2018-11-27 03:19:40;0;Shadowhawk Hive;92;6VjZVvYd;July 21, 2018;681;715;104/-86;android.gplay
UFnz94nv;{noz}{supercolony};greensleeves1;840;27;367819;438;0;0;Sugarland;Zolarg Empire;Insectoids;0;2018-11-22;2018-11-25 21:32:03;3;Fractal Hive;100;l7Oi9yC5;November 22, 2018;-3;478;104/-86;web.apewebapps
iIgQ8Hzi;Aquarius IV;DarkPhoenix;5491;72;153879958;28024;0;0;Desert World;Alpha Draconians;Reptilian;1;2018-08-24;2018-11-26 11:33:07;3;Alpha Draconis;100;draconian;August 24, 2018;791;-778;105/-86;web.apewebapps
2uR0QBIk;Draco;evansricky;4954;0;28426661515;5738123;0;2;Desert World;Alpha Draconians;Reptilian;1;2018-06-18;2018-11-24 01:54:34;3;Alpha Draconis;100;draconian;June 18, 2018;786;-418;105/-87;web.apewebapps
lygiqoTS;My Colony;Amorelus;149;84;37421469;251151;0;0;Desert World;Alpha Draconians;Reptilian;0;2018-11-21;2018-11-23 07:06:31;3;Alpha Draconis;100;draconian;November 21, 2018;874;-226;105/-87;ios.appstore
oLkOsExU;Draconis;Amorelus;6522;100;73516504;11272;0;0;Desert World;Alpha Draconians;Reptilian;0;2018-11-22;2018-11-25 03:37:05;3;Alpha Draconis;100;draconian;November 22, 2018;736;-155;106/-87;desktop.mac
rh1ePg4O;Frigg;wodanaz;5654;55;5366049916;949071;1;1;Desert World;Alpha Draconians;Reptilian;1;2018-04-07;2018-11-25 19:12:27;3;Alpha Draconis;100;draconian;April 7, 2018;-134;-660;106/-87;desktop.windows
irDBCIN3;AD 18-09-30;wormjon;2431;28;6414011776;2638425;0;2;Desert World;Alpha Draconians;Reptilian;1;2018-09-30;2018-11-27 10:15:03;3;Frigg;100;rh1ePg4O;September 30, 2018;-137;-663;106/-87;windows.windowsstore
lT3kKpFK;Serpentia;imhotep19;2183;51;181133209;82974;0;3;Desert World;Alpha Draconians;Reptilian;1;2018-07-01;2018-11-27 18:04:32;3;Alpha Draconis;100;draconian;July 1, 2018;-732;996;106/-87;desktop.windows
